,item_material,flat_index,item_id,x,y,x_length,y_length
0,NBSY-0218SD,0,25583,0.0,0.0,2438.0,38.0
1,NBSY-0218SD,0,25355,0.0,38.0,2410.0,38.0
2,NBSY-0218SD,0,25252,0.0,76.0,2355.0,38.0
3,NBSY-0218SD,0,25598,0.0,114.0,2438.0,38.0
4,NBSY-0218SD,0,25400,0.0,152.0,2438.0,38.0
5,NBSY-0218SD,0,25660,0.0,190.0,2148.0,58.0
6,NBSY-0218SD,0,25539,0.0,248.0,2438.0,38.0
7,NBSY-0218SD,0,25419,0.0,286.0,1918.0,38.0
8,NBSY-0218SD,1,25121,0.0,0.0,2218.0,58.0
9,NBSY-0218SD,1,25515,0.0,58.0,2384.0,58.0
10,NBSY-0218SD,1,25303,0.0,116.0,1704.0,58.0
11,NBSY-0218SD,1,25413,0.0,174.0,794.0,297.0
12,NBSY-0218SD,1,25764,0.0,471.0,1783.0,298.0
13,NBSY-0218SD,1,25860,0.0,769.0,885.0,308.0
14,NBSY-0218SD,1,25124,0.0,1077.0,2398.0,38.0
15,NBSY-0218SD,1,25386,0.0,1115.0,2438.0,38.0
16,NBSY-0218SD,1,25115,0.0,1153.0,950.0,58.0
17,NBSY-0218SD,1,25642,950.0,1153.0,1343.0,58.0
18,NBSY-0218SD,2,25678,0.0,0.0,2361.0,58.0
19,NBSY-0218SD,2,25655,0.0,58.0,1781.0,298.0
20,NBSY-0218SD,2,25728,0.0,356.0,1738.0,58.0
21,NBSY-0218SD,2,25565,0.0,414.0,924.0,225.5
22,NBSY-0218SD,2,25638,0.0,639.5,2284.0,406.0
23,NBSY-0218SD,2,25525,0.0,1045.5,388.0,158.0
24,NBSY-0218SD,2,25222,388.0,1045.5,438.0,158.0
25,NBSY-0218SD,2,25133,826.0,1045.5,438.0,158.0
26,NBSY-0218SD,3,25473,0.0,0.0,2391.0,38.0
27,NBSY-0218SD,3,25360,0.0,38.0,2418.0,58.0
28,NBSY-0218SD,3,25771,0.0,96.0,2246.0,460.0
29,NBSY-0218SD,3,25495,0.0,556.0,2438.0,38.0
30,NBSY-0218SD,3,25744,0.0,594.0,1067.0,342.0
31,NBSY-0218SD,3,25571,1067.0,594.0,1067.0,342.0
32,NBSY-0218SD,3,25369,0.0,936.0,498.0,238.0
33,NBSY-0218SD,3,25772,0.0,1174.0,900.0,38.0
34,NBSY-0218SD,4,25389,0.0,0.0,2438.0,38.0
35,NBSY-0218SD,4,25546,0.0,38.0,900.0,287.5
36,NBSY-0218SD,4,25146,0.0,325.5,2360.0,58.0
37,NBSY-0218SD,4,25241,0.0,383.5,1447.5,310.0
38,NBSY-0218SD,4,25821,0.0,693.5,2339.0,440.0
39,NBSY-0218SD,4,25323,0.0,1133.5,762.0,58.0
40,NBSY-0218SD,4,25789,762.0,1133.5,1639.0,58.0
41,NBSY-0218SD,5,25140,0.0,0.0,2334.0,435.0
42,NBSY-0218SD,5,25720,0.0,435.0,2393.0,408.0
43,NBSY-0218SD,5,25333,0.0,843.0,1044.0,178.0
44,NBSY-0218SD,5,25610,0.0,1021.0,438.0,198.0
45,NBSY-0218SD,5,25100,438.0,1021.0,716.0,198.0
46,NBSY-0218SD,6,25212,0.0,0.0,2377.0,415.0
47,NBSY-0218SD,6,25347,0.0,415.0,792.0,309.5
48,NBSY-0218SD,6,25623,792.0,415.0,376.0,309.5
49,NBSY-0218SD,6,25889,0.0,724.5,2148.0,398.0
50,NBSY-0218SD,6,25161,2148.0,724.5,48.0,398.0
51,NBSY-0218SD,6,25520,0.0,1122.5,750.0,58.0
52,NBSY-0218SD,6,25270,750.0,1122.5,1688.0,58.0
53,NBSY-0218SD,6,25105,0.0,1180.5,618.0,38.0
54,NBSY-0218SD,6,25712,618.0,1180.5,998.0,38.0
55,NBSY-0218SD,6,25731,1616.0,1180.5,761.0,38.0
56,NBSY-0218SD,7,25120,0.0,0.0,2360.0,357.0
57,NBSY-0218SD,7,25884,0.0,357.0,1828.0,280.0
58,NBSY-0218SD,7,25470,0.0,637.0,1418.5,380.0
59,NBSY-0218SD,7,25182,0.0,1017.0,353.0,200.0
60,NBSY-0218SD,7,25398,353.0,1017.0,822.0,200.0
61,NBSY-0218SD,8,25126,0.0,0.0,2438.0,38.0
62,NBSY-0218SD,8,25198,0.0,38.0,930.0,341.0
63,NBSY-0218SD,8,25929,0.0,379.0,2251.0,737.0
64,NBSY-0218SD,8,25329,0.0,1116.0,338.0,78.0
65,NBSY-0218SD,8,25219,338.0,1116.0,388.0,78.0
66,NBSY-0218SD,8,25099,726.0,1116.0,388.0,78.0
67,NBSY-0218SD,8,25396,1114.0,1116.0,338.0,78.0
68,NBSY-0218SD,9,25372,0.0,0.0,2389.0,330.0
69,NBSY-0218SD,9,25125,0.0,330.0,2241.0,400.0
70,NBSY-0218SD,9,25402,0.0,730.0,2084.0,408.8
71,NBSY-0218SD,9,25197,0.0,1138.8,562.0,78.0
72,NBSY-0218SD,9,25621,562.0,1138.8,438.0,78.0
73,NBSY-0218SD,9,25439,1000.0,1138.8,438.0,78.0
74,NBSY-0218SD,9,25405,1438.0,1138.8,438.0,78.0
75,NBSY-0218SD,9,25314,1876.0,1138.8,438.0,78.0
76,NBSY-0218SD,10,25723,0.0,0.0,2243.0,588.0
77,NBSY-0218SD,10,25451,0.0,588.0,2098.0,380.0
78,NBSY-0218SD,10,25408,0.0,968.0,643.0,248.0
79,NBSY-0218SD,10,25780,643.0,968.0,1198.0,248.0
80,NBSY-0218SD,11,25209,0.0,0.0,2347.0,558.0
81,NBSY-0218SD,11,25185,0.0,558.0,2252.0,390.0
82,NBSY-0218SD,11,25585,0.0,948.0,713.0,249.5
83,NBSY-0218SD,12,25683,0.0,0.0,2301.0,856.0
84,NBSY-0218SD,12,25497,0.0,856.0,735.0,278.0
85,NBSY-0218SD,12,25786,735.0,856.0,343.0,278.0
86,NBSY-0218SD,12,25236,1078.0,856.0,343.0,278.0
87,NBSY-0218SD,12,25392,0.0,1134.0,936.0,58.0
88,NBSY-0218SD,12,25098,936.0,1134.0,1472.0,58.0
89,NBSY-0218SD,13,25208,0.0,0.0,2398.0,398.0
90,NBSY-0218SD,13,25437,0.0,398.0,734.0,418.5
91,NBSY-0218SD,13,25168,734.0,398.0,815.0,418.5
92,NBSY-0218SD,13,25636,0.0,816.5,688.0,401.0
93,NBSY-0218SD,14,25256,0.0,0.0,2198.0,298.0
94,NBSY-0218SD,14,25499,2198.0,0.0,78.0,298.0
95,NBSY-0218SD,14,25280,0.0,298.0,777.0,329.0
96,NBSY-0218SD,14,25463,777.0,298.0,792.0,329.0
97,NBSY-0218SD,14,25154,1569.0,298.0,792.0,329.0
98,NBSY-0218SD,14,25348,0.0,627.0,1816.0,479.0
99,NBSY-0218SD,14,25424,0.0,1106.0,527.0,38.0
100,NBSY-0218SD,14,25130,527.0,1106.0,1220.0,38.0
101,NBSY-0218SD,14,25468,1747.0,1106.0,638.0,38.0
102,NBSY-0218SD,14,25766,0.0,1144.0,439.5,58.0
103,NBSY-0218SD,14,25265,439.5,1144.0,1780.0,58.0
104,NBSY-0218SD,15,25651,0.0,0.0,2201.0,201.0
105,NBSY-0218SD,15,25187,0.0,201.0,2398.0,380.0
106,NBSY-0218SD,15,25358,0.0,581.0,730.0,497.0
107,NBSY-0218SD,15,25801,730.0,581.0,730.0,497.0
108,NBSY-0218SD,15,25832,0.0,1078.0,318.0,132.5
109,NBSY-0218SD,15,25379,318.0,1078.0,609.0,132.5
110,NBSY-0218SD,15,25570,927.0,1078.0,505.0,132.5
111,NBSY-0218SD,15,25458,1432.0,1078.0,470.0,132.5
112,NBSY-0218SD,15,25526,1902.0,1078.0,461.0,132.5
113,NBSY-0218SD,16,25292,0.0,0.0,2425.0,568.0
114,NBSY-0218SD,16,25815,0.0,568.0,2021.5,392.0
115,NBSY-0218SD,16,25505,2021.5,568.0,327.0,392.0
116,NBSY-0218SD,16,25908,0.0,960.0,883.0,258.0
117,NBSY-0218SD,17,25739,0.0,0.0,2339.0,440.0
118,NBSY-0218SD,17,25868,0.0,440.0,795.5,383.0
119,NBSY-0218SD,17,25092,795.5,440.0,1198.0,383.0
120,NBSY-0218SD,17,25672,0.0,823.0,1098.0,38.0
121,NBSY-0218SD,17,25633,1098.0,823.0,1298.0,38.0
122,NBSY-0218SD,17,25381,0.0,861.0,1243.0,348.0
123,NBSY-0218SD,17,25836,1243.0,861.0,696.0,348.0
124,NBSY-0218SD,17,25285,1939.0,861.0,78.0,348.0
125,NBSY-0218SD,18,25876,0.0,0.0,2338.0,377.0
126,NBSY-0218SD,18,25387,0.0,377.0,2098.0,558.0
127,NBSY-0218SD,18,25296,0.0,935.0,553.0,280.5
128,NBSY-0218SD,19,25875,0.0,0.0,2301.0,838.0
129,NBSY-0218SD,19,25740,0.0,838.0,732.0,375.0
130,NBSY-0218SD,20,25494,0.0,0.0,2377.0,415.0
131,NBSY-0218SD,20,25136,0.0,415.0,766.0,338.0
132,NBSY-0218SD,20,25591,766.0,415.0,658.0,338.0
133,NBSY-0218SD,20,25782,1424.0,415.0,158.0,338.0
134,NBSY-0218SD,20,25774,1582.0,415.0,158.0,338.0
135,NBSY-0218SD,20,25729,1740.0,415.0,158.0,338.0
136,NBSY-0218SD,20,25590,1898.0,415.0,158.0,338.0
137,NBSY-0218SD,20,25580,2056.0,415.0,158.0,338.0
138,NBSY-0218SD,20,25491,2214.0,415.0,158.0,338.0
139,NBSY-0218SD,20,25907,0.0,753.0,1439.5,395.0
140,NBSY-0218SD,20,25760,1439.5,753.0,48.0,395.0
141,NBSY-0218SD,20,25513,1487.5,753.0,48.0,395.0
142,NBSY-0218SD,20,25426,0.0,1148.0,407.0,58.0
143,NBSY-0218SD,20,25234,407.0,1148.0,1859.0,58.0
144,NBSY-0218SD,21,25915,0.0,0.0,2301.0,188.0
145,NBSY-0218SD,21,25608,0.0,188.0,921.0,58.0
146,NBSY-0218SD,21,25429,921.0,188.0,1485.0,58.0
147,NBSY-0218SD,21,25137,0.0,246.0,1562.0,580.0
148,NBSY-0218SD,21,25106,0.0,826.0,533.5,394.0
149,NBSY-0218SD,22,25411,0.0,0.0,2398.0,38.0
150,NBSY-0218SD,22,25255,0.0,38.0,838.0,379.0
151,NBSY-0218SD,22,25794,838.0,38.0,456.0,379.0
152,NBSY-0218SD,22,25471,0.0,417.0,553.0,437.0
153,NBSY-0218SD,22,25272,0.0,854.0,439.0,364.0
154,NBSY-0218SD,23,25845,0.0,0.0,2361.0,470.0
155,NBSY-0218SD,23,25273,0.0,470.0,716.0,259.5
156,NBSY-0218SD,23,25734,0.0,729.5,558.0,488.0
157,NBSY-0218SD,23,25435,558.0,729.5,238.0,488.0
158,NBSY-0218SD,23,25401,796.0,729.5,198.0,488.0
159,NBSY-0218SD,23,25340,994.0,729.5,78.0,488.0
160,NBSY-0218SD,23,25117,1072.0,729.5,78.0,488.0
161,NBSY-0218SD,24,25790,0.0,0.0,2398.0,398.0
162,NBSY-0218SD,24,25349,0.0,398.0,2053.0,557.0
163,NBSY-0218SD,24,25866,0.0,955.0,1332.0,260.0
164,NBSY-0218SD,25,25427,0.0,0.0,2398.0,380.0
165,NBSY-0218SD,25,25932,0.0,380.0,871.0,510.0
166,NBSY-0218SD,25,25564,0.0,890.0,922.0,329.0
167,NBSY-0218SD,25,25452,922.0,890.0,1196.8,329.0
168,NBSY-0218SD,26,25787,0.0,0.0,2348.0,370.0
169,NBSY-0218SD,26,25406,0.0,370.0,1998.0,530.0
170,NBSY-0218SD,26,25258,0.0,900.0,638.0,320.0
171,NBSY-0218SD,26,25885,638.0,900.0,638.0,320.0
172,NBSY-0218SD,26,25757,1276.0,900.0,638.0,320.0
173,NBSY-0218SD,27,25447,0.0,0.0,2251.0,771.0
174,NBSY-0218SD,27,25529,0.0,771.0,2252.0,390.0
175,NBSY-0218SD,27,25745,0.0,1161.0,371.0,58.0
176,NBSY-0218SD,27,25139,371.0,1161.0,1954.0,58.0
177,NBSY-0218SD,28,25093,0.0,0.0,2301.0,400.0
178,NBSY-0218SD,28,25796,2301.0,0.0,58.0,400.0
179,NBSY-0218SD,28,25147,2359.0,0.0,58.0,400.0
180,NBSY-0218SD,28,25344,0.0,400.0,1443.5,475.0
181,NBSY-0218SD,28,25478,0.0,875.0,2398.0,280.0
182,NBSY-0218SD,28,25800,0.0,1155.0,367.0,58.0
183,NBSY-0218SD,28,25534,367.0,1155.0,1967.0,58.0
184,NBSY-0218SD,29,25328,0.0,0.0,2386.0,440.0
185,NBSY-0218SD,29,25680,0.0,440.0,974.0,557.0
186,NBSY-0218SD,29,25443,974.0,440.0,750.0,557.0
187,NBSY-0218SD,29,25705,1724.0,440.0,459.0,557.0
188,NBSY-0218SD,29,25715,0.0,997.0,522.0,223.0
189,NBSY-0218SD,30,25615,0.0,0.0,2236.0,402.0
190,NBSY-0218SD,30,25808,0.0,402.0,410.0,294.0
191,NBSY-0218SD,30,25695,0.0,696.0,2084.0,413.0
192,NBSY-0218SD,30,25892,2084.0,696.0,132.5,413.0
193,NBSY-0218SD,30,25634,2216.5,696.0,52.5,413.0
194,NBSY-0218SD,30,25243,0.0,1109.0,572.0,108.0
195,NBSY-0218SD,31,25169,0.0,0.0,2438.0,38.0
196,NBSY-0218SD,31,25159,0.0,38.0,770.0,328.0
197,NBSY-0218SD,31,25334,770.0,38.0,783.0,328.0
198,NBSY-0218SD,31,25191,1553.0,38.0,782.0,328.0
199,NBSY-0218SD,31,25445,0.0,366.0,2398.0,580.0
200,NBSY-0218SD,31,25822,0.0,946.0,320.0,270.0
201,NBSY-0218SD,32,25257,0.0,0.0,2338.0,598.0
202,NBSY-0218SD,32,25290,0.0,598.0,659.0,330.0
203,NBSY-0218SD,32,25156,659.0,598.0,1410.5,330.0
204,NBSY-0218SD,32,25194,2069.5,598.0,298.0,330.0
205,NBSY-0218SD,32,25687,0.0,928.0,1188.0,290.0
206,NBSY-0218SD,33,25423,0.0,0.0,2420.0,38.0
207,NBSY-0218SD,33,25293,0.0,38.0,408.0,269.0
208,NBSY-0218SD,33,25551,408.0,38.0,347.0,269.0
209,NBSY-0218SD,33,25240,755.0,38.0,347.0,269.0
210,NBSY-0218SD,33,25229,1102.0,38.0,305.0,269.0
211,NBSY-0218SD,33,25592,0.0,307.0,692.0,411.0
212,NBSY-0218SD,33,25266,692.0,307.0,663.0,411.0
213,NBSY-0218SD,33,25917,0.0,718.0,1748.0,347.0
214,NBSY-0218SD,33,25281,1748.0,718.0,579.0,347.0
215,NBSY-0218SD,33,25572,0.0,1065.0,327.0,154.5
216,NBSY-0218SD,33,25752,327.0,1065.0,661.5,154.5
217,NBSY-0218SD,34,25554,0.0,0.0,2370.0,558.0
218,NBSY-0218SD,34,25587,0.0,558.0,578.0,468.0
219,NBSY-0218SD,34,25893,0.0,1026.0,551.0,194.0
220,NBSY-0218SD,35,25357,0.0,0.0,2298.0,373.0
221,NBSY-0218SD,35,25879,0.0,373.0,2386.0,420.0
222,NBSY-0218SD,35,25707,0.0,793.0,538.0,427.0
223,NBSY-0218SD,35,25430,538.0,793.0,562.0,427.0
224,NBSY-0218SD,35,25324,1100.0,793.0,562.0,427.0
225,NBSY-0218SD,36,25874,0.0,0.0,2398.0,380.0
226,NBSY-0218SD,36,25717,0.0,380.0,1111.0,482.0
227,NBSY-0218SD,36,25506,1111.0,380.0,946.0,482.0
228,NBSY-0218SD,36,25730,0.0,862.0,380.0,358.0
229,NBSY-0218SD,36,25872,380.0,862.0,380.0,358.0
230,NBSY-0218SD,36,25914,760.0,862.0,330.0,358.0
231,NBSY-0218SD,37,25708,0.0,0.0,2425.0,568.0
232,NBSY-0218SD,37,25163,0.0,568.0,762.0,579.0
233,NBSY-0218SD,37,25700,762.0,568.0,759.0,579.0
234,NBSY-0218SD,37,25178,1521.0,568.0,662.0,579.0
235,NBSY-0218SD,37,25825,0.0,1147.0,1760.0,65.0
236,NBSY-0218SD,38,25567,0.0,0.0,2394.5,375.0
237,NBSY-0218SD,38,25545,0.0,375.0,387.0,158.0
238,NBSY-0218SD,38,25312,387.0,375.0,488.0,158.0
239,NBSY-0218SD,38,25184,875.0,375.0,488.0,158.0
240,NBSY-0218SD,38,25141,1363.0,375.0,488.0,158.0
241,NBSY-0218SD,38,25096,1851.0,375.0,488.0,158.0
242,NBSY-0218SD,38,25467,0.0,533.0,489.0,372.0
243,NBSY-0218SD,38,25275,489.0,533.0,489.0,372.0
244,NBSY-0218SD,38,25737,0.0,905.0,1089.0,312.0
245,NBSY-0218SD,39,25543,0.0,0.0,2353.0,822.0
246,NBSY-0218SD,39,25128,2353.0,0.0,58.0,822.0
247,NBSY-0218SD,39,25813,0.0,822.0,2298.0,359.0
248,NBSY-0218SD,39,25838,0.0,1181.0,313.0,38.0
249,NBSY-0218SD,39,25298,313.0,1181.0,2098.0,38.0
250,NBSY-0218SD,40,25681,0.0,0.0,2398.0,575.0
251,NBSY-0218SD,40,25798,0.0,575.0,931.0,403.5
252,NBSY-0218SD,40,25867,931.0,575.0,931.0,403.5
253,NBSY-0218SD,40,25664,0.0,978.5,830.0,240.0
254,NBSY-0218SD,41,25635,0.0,0.0,2301.0,574.0
255,NBSY-0218SD,41,25586,0.0,574.0,1197.0,498.0
256,NBSY-0218SD,41,25223,1197.0,574.0,865.0,498.0
257,NBSY-0218SD,41,25658,2062.0,574.0,238.0,498.0
258,NBSY-0218SD,41,25661,0.0,1072.0,908.0,148.0
259,NBSY-0218SD,41,25171,908.0,1072.0,1210.0,148.0
260,NBSY-0218SD,42,25330,0.0,0.0,2386.0,415.0
261,NBSY-0218SD,42,25575,0.0,415.0,1622.0,261.0
262,NBSY-0218SD,42,25537,1622.0,415.0,562.0,261.0
263,NBSY-0218SD,42,25647,0.0,676.0,1098.0,380.0
264,NBSY-0218SD,42,25663,1098.0,676.0,528.0,380.0
265,NBSY-0218SD,42,25820,1626.0,676.0,475.5,380.0
266,NBSY-0218SD,42,25577,2101.5,676.0,300.0,380.0
267,NBSY-0218SD,42,25195,2401.5,676.0,38.0,380.0
268,NBSY-0218SD,42,25151,0.0,1056.0,377.0,162.0
269,NBSY-0218SD,42,25335,377.0,1056.0,377.0,162.0
270,NBSY-0218SD,43,25856,0.0,0.0,2398.0,575.0
271,NBSY-0218SD,43,25152,0.0,575.0,345.0,319.0
272,NBSY-0218SD,43,25511,345.0,575.0,1429.5,319.0
273,NBSY-0218SD,43,25617,1774.5,575.0,541.0,319.0
274,NBSY-0218SD,43,25111,0.0,894.0,279.5,229.0
275,NBSY-0218SD,43,25118,279.5,894.0,452.0,229.0
276,NBSY-0218SD,43,25840,731.5,894.0,279.5,229.0
277,NBSY-0218SD,43,25595,1011.0,894.0,279.5,229.0
278,NBSY-0218SD,43,25863,0.0,1123.0,231.0,92.5
279,NBSY-0218SD,43,25576,231.0,1123.0,800.0,92.5
280,NBSY-0218SD,43,25228,1031.0,1123.0,756.0,92.5
281,NBSY-0218SD,43,25145,1787.0,1123.0,513.5,92.5
282,NBSY-0218SD,44,25553,0.0,0.0,2369.0,392.5
283,NBSY-0218SD,44,25410,0.0,392.5,2146.0,763.0
284,NBSY-0218SD,44,25934,0.0,1155.5,188.0,58.0
285,NBSY-0218SD,44,25432,188.0,1155.5,2228.0,58.0
286,NBSY-0218SD,45,25390,0.0,0.0,2348.0,530.0
287,NBSY-0218SD,45,25922,2348.0,0.0,38.0,530.0
288,NBSY-0218SD,45,25286,0.0,530.0,906.0,689.0
289,NBSY-0218SD,45,25550,906.0,530.0,297.0,689.0
290,NBSY-0218SD,46,25503,0.0,0.0,2425.0,568.0
291,NBSY-0218SD,46,25769,0.0,568.0,545.0,408.5
292,NBSY-0218SD,46,25573,0.0,976.5,862.0,243.0
293,NBSY-0218SD,47,25834,0.0,0.0,2148.0,398.0
294,NBSY-0218SD,47,25365,0.0,398.0,1198.0,248.0
295,NBSY-0218SD,47,25359,1198.0,398.0,948.0,248.0
296,NBSY-0218SD,47,25267,0.0,646.0,732.0,359.0
297,NBSY-0218SD,47,25654,0.0,1005.0,560.0,213.5
298,NBSY-0218SD,47,25697,2148.0,0.0,288.0,158.0
299,NBSY-0218SD,47,25376,2148.0,158.0,288.0,198.0
300,NBSY-0218SD,47,25894,2148.0,356.0,288.0,198.0
301,NBSY-0218SD,47,25669,2148.0,554.0,238.0,118.0
302,NBSY-0218SD,47,25673,2148.0,672.0,238.0,118.0
303,NBSY-0218SD,47,25870,2148.0,790.0,238.0,118.0
304,NBSY-0218SD,47,25375,2148.0,908.0,288.0,118.0
305,NBSY-0218SD,47,25556,2148.0,1026.0,288.0,118.0
306,NBSY-0218SD,47,25227,2148.0,1144.0,253.0,48.0
307,NBSY-0218SD,48,25609,0.0,0.0,2148.0,578.0
308,NBSY-0218SD,48,25325,0.0,578.0,1498.0,598.0
309,NBSY-0218SD,48,25897,1498.0,578.0,298.0,598.0
310,NBSY-0218SD,48,25596,1796.0,578.0,298.0,598.0
311,NBSY-0218SD,48,25620,0.0,1176.0,378.0,38.0
312,NBSY-0218SD,48,25912,378.0,1176.0,1468.0,38.0
313,NBSY-0218SD,49,25254,0.0,0.0,2146.0,763.0
314,NBSY-0218SD,49,25557,0.0,763.0,1302.0,457.0
315,NBSY-0218SD,49,25604,1302.0,763.0,362.0,457.0
316,NBSY-0218SD,49,25629,1664.0,763.0,118.0,457.0
317,NBSY-0218SD,50,25094,0.0,0.0,2138.0,58.0
318,NBSY-0218SD,50,25248,0.0,58.0,872.0,58.0
319,NBSY-0218SD,50,25356,872.0,58.0,1248.0,58.0
320,NBSY-0218SD,50,25936,0.0,116.0,465.0,349.0
321,NBSY-0218SD,50,25289,465.0,116.0,548.0,349.0
322,NBSY-0218SD,50,25859,1013.0,116.0,465.0,349.0
323,NBSY-0218SD,50,25560,1478.0,116.0,414.0,349.0
324,NBSY-0218SD,50,25192,0.0,465.0,2098.0,558.0
325,NBSY-0218SD,50,25650,0.0,1023.0,425.0,181.0
326,NBSY-0218SD,51,25142,0.0,0.0,2084.0,450.0
327,NBSY-0218SD,51,25342,0.0,450.0,2018.0,546.0
328,NBSY-0218SD,51,25851,0.0,996.0,522.0,220.0
329,NBSY-0218SD,51,25350,2084.0,0.0,349.0,322.0
330,NBSY-0218SD,51,25603,2084.0,322.0,348.0,330.0
331,NBSY-0218SD,51,25668,2084.0,652.0,339.5,325.5
332,NBSY-0218SD,51,25380,2084.0,977.5,238.0,238.0
333,NBSY-0218SD,52,25366,0.0,0.0,2084.0,425.0
334,NBSY-0218SD,52,25714,0.0,425.0,370.0,328.0
335,NBSY-0218SD,52,25578,370.0,425.0,660.0,328.0
336,NBSY-0218SD,52,25632,1030.0,425.0,401.0,328.0
337,NBSY-0218SD,52,25843,1431.0,425.0,380.3,328.0
338,NBSY-0218SD,52,25624,0.0,753.0,1859.0,330.0
339,NBSY-0218SD,52,25830,0.0,1083.0,478.0,133.0
340,NBSY-0218SD,52,25110,478.0,1083.0,558.0,133.0
341,NBSY-0218SD,52,25600,2084.0,0.0,347.0,322.0
342,NBSY-0218SD,52,25302,2084.0,322.0,344.0,300.0
343,NBSY-0218SD,52,25456,2084.0,622.0,344.0,300.0
344,NBSY-0218SD,52,25397,2084.0,922.0,298.0,298.0
345,NBSY-0218SD,53,25343,0.0,0.0,2084.0,501.0
346,NBSY-0218SD,53,25742,0.0,501.0,1848.5,697.0
347,NBSY-0218SD,53,25533,1848.5,501.0,53.0,697.0
348,NBSY-0218SD,53,25268,2084.0,0.0,344.0,299.5
349,NBSY-0218SD,53,25531,2084.0,299.5,344.0,300.0
350,NBSY-0218SD,53,25649,2084.0,599.5,298.0,298.0
351,NBSY-0218SD,53,25704,2084.0,897.5,339.0,276.0
352,NBSY-0218SD,54,25149,0.0,0.0,2053.0,758.0
353,NBSY-0218SD,54,25911,0.0,758.0,633.0,325.0
354,NBSY-0218SD,54,25339,0.0,1083.0,461.0,132.5
355,NBSY-0218SD,54,25847,2053.0,0.0,380.0,358.0
356,NBSY-0218SD,54,25331,2053.0,358.0,377.0,376.0
357,NBSY-0218SD,54,25189,2053.0,734.0,379.0,376.0
358,NBSY-0218SD,54,25826,2053.0,1110.0,303.0,92.5
359,NBSY-0218SD,55,25716,0.0,0.0,2052.0,564.5
360,NBSY-0218SD,55,25640,0.0,564.5,1368.0,648.0
361,NBSY-0218SD,55,25504,2052.0,0.0,376.0,230.5
362,NBSY-0218SD,55,25103,2052.0,230.5,351.0,347.0
363,NBSY-0218SD,55,25109,2052.0,577.5,372.0,339.0
364,NBSY-0218SD,55,25684,2052.0,916.5,347.0,301.0
365,NBSY-0218SD,56,25927,0.0,0.0,2051.0,672.0
366,NBSY-0218SD,56,25548,0.0,672.0,640.5,408.0
367,NBSY-0218SD,56,25294,640.5,672.0,212.5,408.0
368,NBSY-0218SD,56,25138,0.0,1080.0,305.0,132.5
369,NBSY-0218SD,56,25166,305.0,1080.0,817.0,132.5
370,NBSY-0218SD,56,25918,1122.0,1080.0,659.0,132.5
371,NBSY-0218SD,57,25496,0.0,0.0,2038.0,580.0
372,NBSY-0218SD,57,25783,0.0,580.0,398.0,128.0
373,NBSY-0218SD,57,25097,398.0,580.0,444.5,128.0
374,NBSY-0218SD,57,25561,842.5,580.0,350.0,128.0
375,NBSY-0218SD,57,25864,0.0,708.0,578.0,512.0
376,NBSY-0218SD,57,25725,578.0,708.0,739.0,512.0
377,NBSY-0218SD,57,25719,1317.0,708.0,407.0,512.0
378,NBSY-0218SD,58,25527,0.0,0.0,2021.5,371.0
379,NBSY-0218SD,58,25220,0.0,371.0,383.0,358.0
380,NBSY-0218SD,58,25896,383.0,371.0,693.0,358.0
381,NBSY-0218SD,58,25394,1076.0,371.0,519.5,358.0
382,NBSY-0218SD,58,25631,1595.5,371.0,400.0,358.0
383,NBSY-0218SD,58,25157,0.0,729.0,844.0,489.0
384,NBSY-0218SD,58,25436,844.0,729.0,474.0,489.0
385,NBSY-0218SD,59,25552,0.0,0.0,2003.0,953.0
386,NBSY-0218SD,59,25237,0.0,953.0,276.0,267.0
387,NBSY-0218SD,59,25502,276.0,953.0,255.0,267.0
388,NBSY-0218SD,59,25218,2003.0,0.0,434.0,308.0
389,NBSY-0218SD,59,25630,2003.0,308.0,400.0,377.0
390,NBSY-0218SD,59,25211,2003.0,685.0,379.0,376.0
391,NBSY-0218SD,59,25297,2003.0,1061.0,238.0,158.0
392,NBSY-0218SD,60,25555,0.0,0.0,2001.0,459.0
393,NBSY-0218SD,60,25770,0.0,459.0,692.0,177.0
394,NBSY-0218SD,60,25446,692.0,459.0,1063.0,177.0
395,NBSY-0218SD,60,25524,0.0,636.0,723.0,351.0
396,NBSY-0218SD,60,25119,0.0,987.0,1839.0,118.0
397,NBSY-0218SD,60,25883,0.0,1105.0,811.0,58.0
398,NBSY-0218SD,60,25895,811.0,1105.0,1138.0,58.0
399,NBSY-0218SD,60,25488,0.0,1163.0,711.0,52.5
400,NBSY-0218SD,60,25925,2001.0,0.0,438.0,158.0
401,NBSY-0218SD,60,25202,2001.0,158.0,432.5,398.0
402,NBSY-0218SD,60,25749,2001.0,556.0,418.0,381.0
403,NBSY-0218SD,60,25388,2001.0,937.0,298.0,278.0
404,NBSY-0218SD,61,25833,0.0,0.0,2001.0,950.0
405,NBSY-0218SD,61,25313,0.0,950.0,466.0,268.5
406,NBSY-0218SD,61,25442,2001.0,0.0,422.0,339.0
407,NBSY-0218SD,61,25670,2001.0,339.0,378.0,373.0
408,NBSY-0218SD,61,25454,2001.0,712.0,398.0,373.0
409,NBSY-0218SD,61,25307,2001.0,1085.0,238.0,118.0
410,NBSY-0218SD,62,25568,0.0,0.0,1961.0,762.0
411,NBSY-0218SD,62,25283,0.0,762.0,598.0,455.0
412,NBSY-0218SD,62,25153,1961.0,0.0,473.0,212.5
413,NBSY-0218SD,62,25519,1961.0,212.5,466.0,387.0
414,NBSY-0218SD,62,25216,1961.0,599.5,458.0,380.5
415,NBSY-0218SD,62,25453,1961.0,980.0,461.0,237.0
416,NBSY-0218SD,63,25618,0.0,0.0,1822.0,350.0
417,NBSY-0218SD,63,25167,0.0,350.0,677.0,426.5
418,NBSY-0218SD,63,25134,0.0,776.5,545.0,432.0
419,NBSY-0218SD,63,25886,1822.0,0.0,595.0,400.0
420,NBSY-0218SD,63,25763,1822.0,400.0,560.0,446.0
421,NBSY-0218SD,63,25569,1822.0,846.0,513.0,372.5
422,NBSY-0218SD,64,25910,0.0,0.0,1822.0,377.0
423,NBSY-0218SD,64,25696,0.0,377.0,762.0,516.5
424,NBSY-0218SD,64,25768,0.0,893.5,1043.0,177.5
425,NBSY-0218SD,64,25224,0.0,1071.0,617.0,121.5
426,NBSY-0218SD,64,25319,617.0,1071.0,617.0,121.5
427,NBSY-0218SD,64,25407,1822.0,0.0,580.0,254.5
428,NBSY-0218SD,64,25589,1822.0,254.5,565.5,548.5
429,NBSY-0218SD,64,25541,1822.0,803.0,439.0,414.0
430,NBSY-0218SD,65,25441,0.0,0.0,1783.0,287.0
431,NBSY-0218SD,65,25378,0.0,287.0,975.0,574.0
432,NBSY-0218SD,65,25767,975.0,287.0,378.0,574.0
433,NBSY-0218SD,65,25535,1353.0,287.0,378.0,574.0
434,NBSY-0218SD,65,25686,0.0,861.0,564.0,114.5
435,NBSY-0218SD,65,25709,564.0,861.0,459.5,114.5
436,NBSY-0218SD,65,25310,0.0,975.5,639.5,239.0
437,NBSY-0218SD,65,25699,639.5,975.5,910.0,239.0
438,NBSY-0218SD,65,25415,1783.0,0.0,638.0,320.0
439,NBSY-0218SD,65,25417,1783.0,320.0,553.0,440.0
440,NBSY-0218SD,65,25913,1783.0,760.0,553.0,440.0
441,NBSY-0218SD,66,25264,0.0,0.0,1768.0,58.0
442,NBSY-0218SD,66,25481,1768.0,0.0,671.0,376.0
443,NBSY-0218SD,66,25181,1768.0,376.0,613.0,499.0
444,NBSY-0218SD,66,25512,1768.0,875.0,601.0,345.0
445,NBSY-0218SD,67,25493,0.0,0.0,1736.0,58.0
446,NBSY-0218SD,67,25756,0.0,58.0,815.5,336.0
447,NBSY-0218SD,67,25919,0.0,394.0,1522.0,727.0
448,NBSY-0218SD,67,25522,1522.0,394.0,58.0,727.0
449,NBSY-0218SD,67,25131,0.0,1121.0,1011.0,58.0
450,NBSY-0218SD,67,25613,1011.0,1121.0,694.0,58.0
451,NBSY-0218SD,67,25625,0.0,1179.0,556.0,38.0
452,NBSY-0218SD,67,25582,556.0,1179.0,1010.0,38.0
453,NBSY-0218SD,67,25703,1736.0,0.0,697.0,426.0
454,NBSY-0218SD,67,25247,1736.0,426.0,662.0,587.0
455,NBSY-0218SD,67,25295,1736.0,1013.0,372.0,201.0
456,NBSY-0218SD,68,25558,0.0,0.0,1616.5,962.0
457,NBSY-0218SD,68,25611,0.0,962.0,459.0,258.0
458,NBSY-0218SD,68,25928,459.0,962.0,912.0,258.0
459,NBSY-0218SD,68,25170,1616.5,0.0,822.0,558.0
460,NBSY-0218SD,68,25849,1616.5,558.0,794.0,659.0
461,NBSY-0218SD,69,25842,0.0,0.0,1603.0,404.3
462,NBSY-0218SD,69,25516,0.0,404.3,1243.0,348.0
463,NBSY-0218SD,69,25799,1243.0,404.3,198.0,348.0
464,NBSY-0218SD,69,25761,1441.0,404.3,158.0,348.0
465,NBSY-0218SD,69,25232,0.0,752.3,248.0,161.0
466,NBSY-0218SD,69,25485,248.0,752.3,428.0,161.0
467,NBSY-0218SD,69,25656,676.0,752.3,327.0,161.0
468,NBSY-0218SD,69,25858,0.0,913.3,526.0,306.5
469,NBSY-0218SD,69,25242,1603.0,0.0,836.0,198.0
470,NBSY-0218SD,69,25095,1603.0,198.0,811.0,535.0
471,NBSY-0218SD,69,25775,1603.0,733.0,779.0,451.0
472,NBSY-0218SD,70,25688,0.0,0.0,1603.0,528.0
473,NBSY-0218SD,70,25901,0.0,528.0,866.0,329.0
474,NBSY-0218SD,70,25899,866.0,528.0,188.0,329.0
475,NBSY-0218SD,70,25207,0.0,857.0,489.0,363.0
476,NBSY-0218SD,70,25733,1603.0,0.0,833.0,302.0
477,NBSY-0218SD,70,25316,1603.0,302.0,536.0,365.0
478,NBSY-0218SD,70,25741,1603.0,667.0,697.0,548.0
479,NBSY-0218SD,71,25225,0.0,0.0,1597.0,55.0
480,NBSY-0218SD,71,25305,0.0,55.0,1439.5,395.0
481,NBSY-0218SD,71,25828,0.0,450.0,1148.0,350.0
482,NBSY-0218SD,71,25421,0.0,800.0,634.0,378.0
483,NBSY-0218SD,71,25129,0.0,1178.0,883.0,38.0
484,NBSY-0218SD,71,25523,1597.0,0.0,840.0,530.0
485,NBSY-0218SD,71,25321,1597.0,530.0,811.0,576.0
486,NBSY-0218SD,71,25685,1597.0,1106.0,297.0,78.0
487,NBSY-0218SD,71,25905,1894.0,1106.0,488.0,78.0
488,NBSY-0218SD,72,25689,0.0,0.0,1552.0,737.0
489,NBSY-0218SD,72,25368,0.0,737.0,751.0,482.0
490,NBSY-0218SD,72,25921,751.0,737.0,465.0,482.0
491,NBSY-0218SD,72,25862,1552.0,0.0,885.0,557.0
492,NBSY-0218SD,72,25422,1552.0,557.0,811.0,595.0
493,NBSY-0218SD,72,25827,2363.0,557.0,38.0,595.0
494,NBSY-0218SD,72,25425,1552.0,1152.0,262.0,58.0
495,NBSY-0218SD,72,25262,1814.0,1152.0,597.0,58.0
496,NBSY-0218SD,73,25251,0.0,0.0,1525.5,360.0
497,NBSY-0218SD,73,25309,0.0,360.0,981.5,121.5
498,NBSY-0218SD,73,25665,0.0,481.5,752.0,377.0
499,NBSY-0218SD,73,25933,752.0,481.5,681.0,377.0
500,NBSY-0218SD,73,25486,0.0,858.5,947.0,58.0
501,NBSY-0218SD,73,25326,947.0,858.5,562.0,58.0
502,NBSY-0218SD,73,25713,0.0,916.5,819.5,302.5
503,NBSY-0218SD,73,25738,1525.5,0.0,912.0,457.0
504,NBSY-0218SD,73,25622,1525.5,457.0,885.0,746.0
505,NBSY-0218SD,74,25861,0.0,0.0,1514.5,447.5
506,NBSY-0218SD,74,25718,0.0,447.5,973.0,578.0
507,NBSY-0218SD,74,25606,973.0,447.5,118.0,578.0
508,NBSY-0218SD,74,25327,0.0,1025.5,710.5,182.5
509,NBSY-0218SD,74,25091,1514.5,0.0,921.0,567.0
510,NBSY-0218SD,74,25469,1514.5,567.0,745.0,625.0
511,NBSY-0218SD,75,25484,0.0,0.0,1494.0,541.0
512,NBSY-0218SD,75,25648,0.0,541.0,967.0,384.5
513,NBSY-0218SD,75,25371,0.0,925.5,580.5,289.0
514,NBSY-0218SD,75,25902,580.5,925.5,801.0,289.0
515,NBSY-0218SD,75,25923,1494.0,0.0,939.0,553.0
516,NBSY-0218SD,75,25271,1494.0,553.0,831.0,530.0
517,NBSY-0218SD,75,25652,1494.0,1083.0,238.0,118.0
518,NBSY-0218SD,75,25204,1732.0,1083.0,438.0,118.0
519,NBSY-0218SD,75,25930,2170.0,1083.0,238.0,118.0
520,NBSY-0218SD,76,25476,0.0,0.0,1494.0,319.0
521,NBSY-0218SD,76,25123,0.0,319.0,1391.5,885.0
522,NBSY-0218SD,76,25873,1391.5,319.0,58.0,885.0
523,NBSY-0218SD,76,25282,1494.0,0.0,936.0,538.0
524,NBSY-0218SD,76,25530,1494.0,538.0,853.0,575.0
525,NBSY-0218SD,76,25857,1494.0,1113.0,437.0,99.0
526,NBSY-0218SD,77,25457,0.0,0.0,1480.0,309.0
527,NBSY-0218SD,77,25317,0.0,309.0,1183.0,58.0
528,NBSY-0218SD,77,25287,0.0,367.0,732.0,360.0
529,NBSY-0218SD,77,25113,0.0,727.0,792.0,357.0
530,NBSY-0218SD,77,25916,0.0,1084.0,767.0,58.0
531,NBSY-0218SD,77,25318,0.0,1142.0,792.0,58.0
532,NBSY-0218SD,77,25263,1480.0,0.0,947.0,557.0
533,NBSY-0218SD,77,25802,1480.0,557.0,598.0,446.0
534,NBSY-0218SD,77,25217,2078.0,557.0,83.0,446.0
535,NBSY-0218SD,77,25186,1480.0,1003.0,636.5,216.5
536,NBSY-0218SD,78,25464,0.0,0.0,1478.0,478.0
537,NBSY-0218SD,78,25593,0.0,478.0,885.0,555.0
538,NBSY-0218SD,78,25345,0.0,1033.0,310.0,187.0
539,NBSY-0218SD,78,25428,1478.0,0.0,962.0,342.5
540,NBSY-0218SD,78,25315,1478.0,342.5,556.0,418.0
541,NBSY-0218SD,78,25797,1478.0,760.5,811.0,307.0
542,NBSY-0218SD,78,25459,1478.0,1067.5,338.0,118.0
543,NBSY-0218SD,79,25736,0.0,0.0,1467.0,1090.0
544,NBSY-0218SD,79,25721,0.0,1090.0,332.0,128.5
545,NBSY-0218SD,79,25403,1467.0,0.0,968.0,58.0
546,NBSY-0218SD,79,25841,1467.0,58.0,698.0,298.0
547,NBSY-0218SD,79,25143,1467.0,356.0,627.0,362.0
548,NBSY-0218SD,79,25412,1467.0,718.0,440.0,172.5
549,NBSY-0218SD,79,25183,1907.0,718.0,371.0,172.5
550,NBSY-0218SD,79,25773,1467.0,890.5,732.0,323.5
551,NBSY-0218SD,80,25500,0.0,0.0,1447.5,310.0
552,NBSY-0218SD,80,25746,0.0,310.0,848.0,398.0
553,NBSY-0218SD,80,25726,0.0,708.0,576.0,400.0
554,NBSY-0218SD,80,25594,0.0,1108.0,759.0,58.0
555,NBSY-0218SD,80,25812,0.0,1166.0,368.2,52.5
556,NBSY-0218SD,80,25174,368.2,1166.0,911.0,52.5
557,NBSY-0218SD,80,25698,1447.5,0.0,966.0,851.5
558,NBSY-0218SD,80,25643,1447.5,851.5,391.0,364.5
559,NBSY-0218SD,81,25784,0.0,0.0,1445.0,380.0
560,NBSY-0218SD,81,25472,0.0,380.0,1120.0,797.2
561,NBSY-0218SD,81,25179,0.0,1177.2,449.0,38.0
562,NBSY-0218SD,81,25385,449.0,1177.2,920.5,38.0
563,NBSY-0218SD,81,25888,1445.0,0.0,926.0,420.0
564,NBSY-0218SD,81,25399,1445.0,420.0,880.0,558.0
565,NBSY-0218SD,81,25819,1445.0,978.0,712.7,242.0
566,NBSY-0218SD,82,25831,0.0,0.0,1443.5,505.0
567,NBSY-0218SD,82,25601,0.0,505.0,693.0,299.0
568,NBSY-0218SD,82,25890,0.0,804.0,558.0,347.0
569,NBSY-0218SD,82,25762,0.0,1151.0,939.0,58.0
570,NBSY-0218SD,82,25854,1443.5,0.0,901.5,374.0
571,NBSY-0218SD,82,25226,1443.5,374.0,872.0,459.5
572,NBSY-0218SD,82,25245,1443.5,833.5,697.0,386.0
573,NBSY-0218SD,83,25373,0.0,0.0,1439.5,395.0
574,NBSY-0218SD,83,25544,0.0,395.0,1371.0,812.0
575,NBSY-0218SD,83,25308,1439.5,0.0,998.0,248.0
576,NBSY-0218SD,83,25409,1439.5,248.0,735.0,528.0
577,NBSY-0218SD,83,25547,1439.5,776.0,730.5,443.0
578,NBSY-0218SD,83,25627,2170.0,776.0,58.0,443.0
579,NBSY-0218SD,84,25377,0.0,0.0,1430.0,623.0
580,NBSY-0218SD,84,25818,0.0,623.0,831.0,580.0
581,NBSY-0218SD,84,25383,1430.0,0.0,900.0,558.0
582,NBSY-0218SD,84,25562,1430.0,558.0,286.0,277.0
583,NBSY-0218SD,84,25657,1716.0,558.0,286.0,277.0
584,NBSY-0218SD,84,25616,1430.0,835.0,475.5,380.0
585,NBSY-0218SD,85,25338,0.0,0.0,1428.0,432.0
586,NBSY-0218SD,85,25112,0.0,432.0,966.0,721.0
587,NBSY-0218SD,85,25750,0.0,1153.0,381.0,58.0
588,NBSY-0218SD,85,25414,381.0,1153.0,1011.0,58.0
589,NBSY-0218SD,85,25871,1428.0,0.0,898.0,377.0
590,NBSY-0218SD,85,25693,1428.0,377.0,577.0,435.0
591,NBSY-0218SD,85,25301,1428.0,812.0,537.0,400.0
592,NBSY-0218SD,86,25711,0.0,0.0,1414.0,58.0
593,NBSY-0218SD,86,25274,0.0,58.0,1198.0,348.0
594,NBSY-0218SD,86,25536,0.0,406.0,991.0,58.0
595,NBSY-0218SD,86,25269,0.0,464.0,1132.0,347.0
596,NBSY-0218SD,86,25848,0.0,811.0,514.5,339.0
597,NBSY-0218SD,86,25164,0.0,1150.0,876.0,58.0
598,NBSY-0218SD,86,25180,1414.0,0.0,880.0,438.0
599,NBSY-0218SD,86,25722,1414.0,438.0,874.0,774.5
600,NBSY-0218SD,87,25785,0.0,0.0,1368.0,298.0
601,NBSY-0218SD,87,25221,0.0,298.0,1210.0,626.5
602,NBSY-0218SD,87,25641,0.0,924.5,777.0,295.0
603,NBSY-0218SD,87,25793,1368.0,0.0,1063.0,377.0
604,NBSY-0218SD,87,25682,1368.0,377.0,932.0,527.0
605,NBSY-0218SD,87,25200,1368.0,904.0,439.0,316.0
606,NBSY-0218SD,88,25675,0.0,0.0,1357.0,58.0
607,NBSY-0218SD,88,25346,0.0,58.0,655.0,410.0
608,NBSY-0218SD,88,25483,655.0,58.0,655.0,410.0
609,NBSY-0218SD,88,25521,0.0,468.0,770.0,418.0
610,NBSY-0218SD,88,25882,0.0,886.0,370.0,328.0
611,NBSY-0218SD,88,25779,1357.0,0.0,1062.0,58.0
612,NBSY-0218SD,88,25755,1357.0,58.0,930.0,377.0
613,NBSY-0218SD,88,25835,1357.0,435.0,513.0,372.5
614,NBSY-0218SD,88,25205,1357.0,807.5,574.0,378.0
615,NBSY-0218SD,89,25261,0.0,0.0,1343.0,58.0
616,NBSY-0218SD,89,25135,0.0,58.0,1202.0,58.0
617,NBSY-0218SD,89,25844,0.0,116.0,1302.0,58.0
618,NBSY-0218SD,89,25210,0.0,174.0,356.0,337.0
619,NBSY-0218SD,89,25173,0.0,511.0,819.0,318.0
620,NBSY-0218SD,89,25584,0.0,829.0,1010.0,58.0
621,NBSY-0218SD,89,25150,0.0,887.0,1210.0,58.0
622,NBSY-0218SD,89,25891,0.0,945.0,1210.0,58.0
623,NBSY-0218SD,89,25807,0.0,1003.0,494.0,48.0
624,NBSY-0218SD,89,25462,1343.0,0.0,1040.0,252.0
625,NBSY-0218SD,89,25382,1343.0,252.0,900.0,553.0
626,NBSY-0218SD,89,25193,1343.0,805.0,527.0,401.0
627,NBSY-0218SD,90,25244,0.0,0.0,1316.5,512.0
628,NBSY-0218SD,90,25259,0.0,512.0,1196.8,448.0
629,NBSY-0218SD,90,25781,1196.8,512.0,118.0,448.0
630,NBSY-0218SD,90,25805,0.0,960.0,262.0,260.0
631,NBSY-0218SD,90,25597,262.0,960.0,427.0,260.0
632,NBSY-0218SD,90,25926,689.0,960.0,262.0,260.0
633,NBSY-0218SD,90,25299,1316.5,0.0,1112.0,559.0
634,NBSY-0218SD,90,25107,1316.5,559.0,930.0,471.5
635,NBSY-0218SD,90,25517,1316.5,1030.5,378.0,180.0
636,NBSY-0218SD,91,25900,0.0,0.0,1256.0,568.0
637,NBSY-0218SD,91,25588,0.0,568.0,597.0,360.0
638,NBSY-0218SD,91,25160,597.0,568.0,579.0,360.0
639,NBSY-0218SD,91,25351,0.0,928.0,537.0,289.0
640,NBSY-0218SD,91,25391,537.0,928.0,592.5,289.0
641,NBSY-0218SD,91,25619,1256.0,0.0,1148.0,466.0
642,NBSY-0218SD,91,25277,1256.0,466.0,792.0,329.0
643,NBSY-0218SD,91,25754,1256.0,795.0,1135.0,377.0
644,NBSY-0218SD,91,25906,1256.0,1172.0,195.0,48.0
645,NBSY-0218SD,91,25898,1451.0,1172.0,577.0,48.0
646,NBSY-0218SD,91,25877,2028.0,1172.0,344.0,48.0
647,NBSY-0218SD,92,25461,0.0,0.0,1235.0,298.0
648,NBSY-0218SD,92,25671,0.0,298.0,681.0,377.0
649,NBSY-0218SD,92,25904,0.0,675.0,778.0,373.5
650,NBSY-0218SD,92,25777,0.0,1048.5,441.5,165.5
651,NBSY-0218SD,92,25839,1235.0,0.0,1198.0,280.0
652,NBSY-0218SD,92,25420,1235.0,280.0,644.0,409.0
653,NBSY-0218SD,92,25199,1235.0,689.0,892.0,58.0
654,NBSY-0218SD,92,25438,1235.0,747.0,947.0,58.0
655,NBSY-0218SD,92,25881,1235.0,805.0,583.0,398.0
656,NBSY-0218SD,93,25599,0.0,0.0,1235.0,298.0
657,NBSY-0218SD,93,25691,0.0,298.0,922.0,878.0
658,NBSY-0218SD,93,25694,0.0,1176.0,1114.0,43.0
659,NBSY-0218SD,93,25231,1235.0,0.0,1135.0,377.0
660,NBSY-0218SD,93,25791,1235.0,377.0,772.0,297.0
661,NBSY-0218SD,93,25172,1235.0,674.0,770.0,58.0
662,NBSY-0218SD,93,25175,1235.0,732.0,851.5,474.0
663,NBSY-0218SD,93,25370,2086.5,732.0,48.0,474.0
664,NBSY-0218SD,94,25602,0.0,0.0,1222.0,337.0
665,NBSY-0218SD,94,25352,0.0,337.0,770.0,418.0
666,NBSY-0218SD,94,25804,0.0,755.0,962.0,228.0
667,NBSY-0218SD,94,25909,0.0,983.0,461.0,237.0
668,NBSY-0218SD,94,25809,1222.0,0.0,1218.0,58.0
669,NBSY-0218SD,94,25433,1222.0,58.0,598.0,298.0
670,NBSY-0218SD,94,25667,1820.0,58.0,566.0,298.0
671,NBSY-0218SD,94,25460,1222.0,356.0,811.0,58.0
672,NBSY-0218SD,94,25532,1222.0,414.0,1063.0,58.0
673,NBSY-0218SD,94,25759,1222.0,472.0,801.0,361.0
674,NBSY-0218SD,94,25612,1222.0,833.0,939.0,358.5
675,NBSY-0218SD,95,25354,0.0,0.0,1132.0,359.0
676,NBSY-0218SD,95,25320,0.0,359.0,980.0,576.0
677,NBSY-0218SD,95,25165,0.0,935.0,825.0,277.5
678,NBSY-0218SD,95,25196,1132.0,0.0,1112.0,557.0
679,NBSY-0218SD,95,25144,1132.0,557.0,710.0,397.0
680,NBSY-0218SD,95,25706,1842.0,557.0,309.0,397.0
681,NBSY-0218SD,95,25542,2151.0,557.0,58.0,397.0
682,NBSY-0218SD,95,25549,1132.0,954.0,277.5,261.0
683,NBSY-0218SD,95,25492,1409.5,954.0,310.0,261.0
684,NBSY-0218SD,96,25701,0.0,0.0,851.0,538.0
685,NBSY-0218SD,96,25176,0.0,538.0,807.0,530.0
686,NBSY-0218SD,96,25278,0.0,1068.0,593.0,132.0
687,NBSY-0218SD,96,25276,851.0,0.0,851.0,559.0
688,NBSY-0218SD,96,25507,851.0,559.0,745.0,586.0
689,NBSY-0218SD,96,25747,851.0,1145.0,302.0,58.0
690,NBSY-0218SD,96,25645,1153.0,1145.0,492.0,58.0
691,NBSY-0218SD,96,25501,1702.0,0.0,732.0,379.0
692,NBSY-0218SD,96,25855,1702.0,379.0,662.0,587.0
693,NBSY-0218SD,96,25727,1702.0,966.0,264.0,252.0
694,NBSY-0218SD,97,25574,0.0,0.0,838.0,346.5
695,NBSY-0218SD,97,25162,0.0,346.5,766.0,468.0
696,NBSY-0218SD,97,25628,0.0,814.5,734.0,402.5
697,NBSY-0218SD,97,25792,838.0,0.0,815.5,351.5
698,NBSY-0218SD,97,25418,838.0,351.5,732.0,374.0
699,NBSY-0218SD,97,25206,838.0,725.5,778.0,373.5
700,NBSY-0218SD,97,25311,838.0,1099.0,599.0,115.0
701,NBSY-0218SD,97,25518,1653.5,0.0,778.0,326.0
702,NBSY-0218SD,97,25384,1653.5,326.0,731.0,547.0
703,NBSY-0218SD,97,25362,1653.5,873.0,402.0,347.0
704,NBSY-0218SD,98,25850,0.0,0.0,815.0,419.0
705,NBSY-0218SD,98,25288,0.0,419.0,675.0,327.0
706,NBSY-0218SD,98,25935,0.0,746.0,732.0,374.0
707,NBSY-0218SD,98,25444,0.0,1120.0,732.0,58.0
708,NBSY-0218SD,98,25448,0.0,1178.0,595.0,38.0
709,NBSY-0218SD,98,25508,815.0,0.0,815.0,418.5
710,NBSY-0218SD,98,25776,815.0,418.5,777.0,701.0
711,NBSY-0218SD,98,25479,815.0,1119.5,479.0,99.5
712,NBSY-0218SD,98,25114,1630.0,0.0,795.5,385.0
713,NBSY-0218SD,98,25538,1630.0,385.0,605.5,289.0
714,NBSY-0218SD,98,25528,1630.0,674.0,540.0,535.0
715,NBSY-0218SD,99,25644,0.0,0.0,812.0,557.0
716,NBSY-0218SD,99,25509,0.0,557.0,323.5,312.0
717,NBSY-0218SD,99,25489,323.5,557.0,356.0,312.0
718,NBSY-0218SD,99,25279,0.0,869.0,547.0,351.0
719,NBSY-0218SD,99,25811,812.0,0.0,811.0,58.0
720,NBSY-0218SD,99,25662,812.0,58.0,763.0,518.0
721,NBSY-0218SD,99,25300,812.0,576.0,811.0,516.0
722,NBSY-0218SD,99,25108,812.0,1092.0,770.0,58.0
723,NBSY-0218SD,99,25304,812.0,1150.0,660.0,58.0
724,NBSY-0218SD,99,25233,1623.0,0.0,793.0,327.5
725,NBSY-0218SD,99,25823,1623.0,327.5,598.0,580.0
726,NBSY-0218SD,99,25579,1623.0,907.5,378.5,310.0
727,NBSY-0218SD,99,25246,2001.5,907.5,379.3,310.0
728,NBSY-0218SD,100,25132,0.0,0.0,790.0,359.5
729,NBSY-0218SD,100,25188,0.0,359.5,778.0,510.0
730,NBSY-0218SD,100,25878,0.0,869.5,771.0,277.5
731,NBSY-0218SD,100,25559,0.0,1147.0,310.0,58.0
732,NBSY-0218SD,100,25735,310.0,1147.0,472.0,58.0
733,NBSY-0218SD,100,25778,790.0,0.0,774.0,330.5
734,NBSY-0218SD,100,25434,790.0,330.5,408.0,214.0
735,NBSY-0218SD,100,25853,790.0,544.5,759.0,577.0
736,NBSY-0218SD,100,25284,790.0,1121.5,288.0,78.0
737,NBSY-0218SD,100,25364,1078.0,1121.5,448.0,78.0
738,NBSY-0218SD,100,25646,1564.0,0.0,774.0,198.0
739,NBSY-0218SD,100,25393,1564.0,198.0,537.0,289.0
740,NBSY-0218SD,100,25816,1564.0,487.0,741.0,633.0
741,NBSY-0218SD,100,25607,1564.0,1120.0,479.0,99.5
742,NBSY-0218SD,101,25852,0.0,0.0,772.0,297.0
743,NBSY-0218SD,101,25581,0.0,297.0,613.0,412.0
744,NBSY-0218SD,101,25765,0.0,709.0,565.0,439.5
745,NBSY-0218SD,101,25639,0.0,1148.5,584.5,58.0
746,NBSY-0218SD,101,25102,772.0,0.0,764.0,555.0
747,NBSY-0218SD,101,25487,772.0,555.0,662.0,558.0
748,NBSY-0218SD,101,25563,772.0,1113.0,288.0,78.0
749,NBSY-0218SD,101,25249,1060.0,1113.0,448.0,78.0
750,NBSY-0218SD,101,25431,1536.0,0.0,753.0,348.0
751,NBSY-0218SD,101,25510,1536.0,348.0,727.0,630.0
752,NBSY-0218SD,101,25238,1536.0,978.0,703.5,242.0
753,NBSY-0218SD,102,25920,0.0,0.0,749.0,342.0
754,NBSY-0218SD,102,25514,0.0,342.0,636.0,447.0
755,NBSY-0218SD,102,25127,0.0,789.0,677.0,426.5
756,NBSY-0218SD,102,25235,749.0,0.0,719.0,178.0
757,NBSY-0218SD,102,25758,749.0,178.0,699.0,388.0
758,NBSY-0218SD,102,25474,749.0,566.0,606.0,439.0
759,NBSY-0218SD,102,25724,749.0,1005.0,495.0,213.0
760,NBSY-0218SD,102,25177,1468.0,0.0,692.0,177.0
761,NBSY-0218SD,102,25690,1468.0,177.0,662.0,587.0
762,NBSY-0218SD,102,25540,1468.0,764.0,579.0,455.0
763,NBSY-0218SD,102,25824,2047.0,764.0,83.0,455.0
764,NBSY-0218SD,103,25837,0.0,0.0,636.5,216.5
765,NBSY-0218SD,103,25806,0.0,216.5,538.0,378.0
766,NBSY-0218SD,103,25817,0.0,594.5,607.0,389.0
767,NBSY-0218SD,103,25336,0.0,983.5,594.5,175.5
768,NBSY-0218SD,103,25374,0.0,1159.0,536.0,52.5
769,NBSY-0218SD,103,25490,636.5,0.0,636.0,447.0
770,NBSY-0218SD,103,25353,636.5,447.0,577.0,515.0
771,NBSY-0218SD,103,25201,636.5,962.0,442.0,255.0
772,NBSY-0218SD,103,25924,1272.5,0.0,634.0,378.0
773,NBSY-0218SD,103,25732,1272.5,378.0,579.0,472.0
774,NBSY-0218SD,103,25788,1272.5,850.0,546.0,370.0
775,NBSY-0218SD,103,25903,1906.5,0.0,515.0,258.0
776,NBSY-0218SD,103,25214,1906.5,258.0,481.0,446.0
777,NBSY-0218SD,103,25122,1906.5,704.0,400.0,58.0
778,NBSY-0218SD,103,25659,1906.5,762.0,491.0,438.0
779,NBSY-0218SD,104,25416,0.0,0.0,634.0,378.0
780,NBSY-0218SD,104,25803,0.0,378.0,598.0,580.0
781,NBSY-0218SD,104,25674,0.0,958.0,459.0,259.5
782,NBSY-0218SD,104,25361,634.0,0.0,630.5,239.0
783,NBSY-0218SD,104,25666,634.0,239.0,538.0,459.0
784,NBSY-0218SD,104,25230,634.0,698.0,577.0,448.0
785,NBSY-0218SD,104,25676,634.0,1146.0,460.0,58.0
786,NBSY-0218SD,104,25887,1264.5,0.0,576.0,399.0
787,NBSY-0218SD,104,25215,1264.5,399.0,558.0,553.0
788,NBSY-0218SD,104,25291,1264.5,952.0,423.0,268.0
789,NBSY-0218SD,104,25363,1840.5,0.0,570.0,507.0
790,NBSY-0218SD,104,25337,1840.5,507.0,558.0,488.0
791,NBSY-0218SD,104,25748,1840.5,995.0,432.0,225.0
792,NBSY-0218SD,105,25158,0.0,0.0,550.0,458.5
793,NBSY-0218SD,105,25753,0.0,458.5,508.0,330.0
794,NBSY-0218SD,105,25449,0.0,788.5,548.0,431.0
795,NBSY-0218SD,105,25190,550.0,0.0,547.0,432.0
796,NBSY-0218SD,105,25677,550.0,432.0,526.0,498.0
797,NBSY-0218SD,105,25743,550.0,930.0,369.2,289.0
798,NBSY-0218SD,105,25465,1097.0,0.0,545.0,432.0
799,NBSY-0218SD,105,25455,1097.0,432.0,541.5,447.5
800,NBSY-0218SD,105,25498,1097.0,879.5,471.0,339.0
801,NBSY-0218SD,105,25155,1642.0,0.0,538.0,427.0
802,NBSY-0218SD,105,25566,1642.0,427.0,494.0,475.0
803,NBSY-0218SD,105,25116,1642.0,902.0,392.0,318.0
804,NBSY-0218SD,105,25869,2034.0,902.0,132.5,318.0
805,NBSY-0218SD,106,25322,0.0,0.0,534.0,465.0
806,NBSY-0218SD,106,25480,0.0,465.0,478.5,473.5
807,NBSY-0218SD,106,25865,0.0,938.5,456.0,279.0
808,NBSY-0218SD,106,25203,534.0,0.0,481.0,330.0
809,NBSY-0218SD,106,25679,534.0,330.0,430.0,339.0
810,NBSY-0218SD,106,25692,534.0,669.0,474.5,450.0
811,NBSY-0218SD,106,25260,534.0,1119.0,464.0,92.5
812,NBSY-0218SD,106,25477,1015.0,0.0,462.0,346.0
813,NBSY-0218SD,106,25810,1015.0,346.0,435.5,376.0
814,NBSY-0218SD,106,25637,1015.0,722.0,384.0,371.0
815,NBSY-0218SD,106,25846,1015.0,1093.0,422.0,52.5
816,NBSY-0218SD,106,25450,1477.0,0.0,462.0,389.0
817,NBSY-0218SD,106,25614,1477.0,389.0,442.0,439.0
818,NBSY-0218SD,106,25475,1477.0,828.0,441.0,389.0
819,NBSY-0218SD,106,25702,1939.0,0.0,456.0,379.0
820,NBSY-0218SD,106,25306,1939.0,379.0,454.0,413.0
821,NBSY-0218SD,106,25104,1939.0,792.0,439.0,387.0
822,NBSY-0218SD,106,25440,1939.0,1179.0,318.0,38.0
